feature,Native_Importance,Permutation_R2_loss,SHAP_mean_abs,Native_Importance_norm,Permutation_R2_loss_norm,SHAP_mean_abs_norm
TV,0.9951919,1.8834671018357436,77.5212,99.52,98.57,95.69
Radio,0.0038828969,0.02702407961075476,3.0050547,0.39,1.41,3.71
Social Media,0.00021809612,0.00030366729599137223,0.3811863,0.02,0.02,0.47
Influencer,0.0007071545,5.505817366580068e-06,0.105933964,0.07,0.0,0.13
